question,answer
"Подскажите, какой график работы клиники?", "Клиника работает ежедневно с 8:00 до 20:00"
"Какой сегодня график работы клиники?","Сегодня клиника открыта с 8:00 до 20:00."
"Где находится отделение скорой помощи?","Отделение скорой помощи находится на первом этаже рядом с главным входом."
"Как записаться на прием к врачу?","Вы можете записаться на прием к врачу через наш веб-сайт или по телефону."
"Какие тесты нужно сдать перед операцией?","Обычно перед операцией нужно сдать анализы крови и пройти ЭКГ."
"Как связаться с моим лечащим врачом?","Вы можете связаться с вашим лечащим врачом через регистратуру больницы."
"Какие документы нужно принести на прием?","Пожалуйста принесите паспорт и медицинскую карту на прием."
"Где я могу сдать анализы крови?","Анализы крови можно сдать в лаборатории на втором этаже."
"Что делать в случае экстренной ситуации?","В случае экстренной ситуации позвоните в скорую помощь по номеру 112 или обратитесь в отделение скорой помощи."
"Какие у вас есть специализированные отделения?","В нашей клинике есть кардиологическое неврологическое и ортопедическое отделения."
"Есть ли парковка для пациентов?","Да у нас есть парковка для пациентов на территории клиники."
"Какие способы оплаты вы принимаете?","Мы принимаем наличные банковские карты и страховые полисы."
"Как получить направление на МРТ?","Для получения направления на МРТ обратитесь к вашему лечащему врачу."
"Сколько времени занимает выписка после операции?","Обычно выписка занимает около двух часов после операции."
"Какие у вас есть услуги для детей?","У нас есть педиатрические услуги и консультации для детей."
"Есть ли у вас услуги по уходу на дому?","Да мы предоставляем услуги по уходу на дому для пациентов после операций."
"Какую информацию нужно сообщить при регистрации?","При регистрации укажите вашу контактную информацию и данные страховки."
"Кому обратиться для получения результатов анализов?","Для получения результатов анализов обратитесь в лабораторное отделение."
"Каковы правила посещения пациентов?","Посещение пациентов разрешено с 10:00 до 18:00 ежедневно."
"Где я могу получить второе мнение по диагнозу?","Для получения второго мнения обратитесь в консультационный кабинет на третьем этаже."
"Как получить консультацию онлайн?","Онлайн-консультацию можно получить через наш веб-портал после регистрации."
"Здравствуйте", "Чем я могу вам помочь?"
"Как записаться на прием?", "Вы можете записаться на прием, позвонив по телефону нашей клиники или через наш веб-сайт, используя форму записи."
"Как отменить прием?", "Чтобы отменить прием, пожалуйста, свяжитесь с нашей регистрацией не менее чем за 24 часа до назначенного времени."
"Какие документы нужны для записи?", "Для записи на прием вам понадобятся паспорт и страховой полис."
"Какой график работы клиники?", "Клиника работает с понедельника по пятницу с 8:00 до 20:00 и по субботам с 9:00 до 15:00. Воскресенье — выходной."
"Можно ли получить консультацию по телефону?", "Да, вы можете получить первичную консультацию по телефону, но для более детального осмотра и постановки диагноза рекомендуется посетить врача лично."
"Как получить результаты анализов?", "Результаты анализов могут быть выданы в клинике лично или отправлены на ваш электронный адрес. Пожалуйста, уточните при сдаче, какой способ получения вам удобнее."
"Есть ли у вас детский врач?", "Да, у нас есть педиатры, которые квалифицированы для работы с детьми всех возрастов."
"Сколько стоит прием у терапевта?", "Стоимость приема у терапевта составляет 1500 рублей. Цены могут варьироваться в зависимости от конкретных услуг и обследований."
"Как подготовиться к УЗИ брюшной полости?", "Перед УЗИ брюшной полости рекомендуется воздержаться от приема пищи в течение 6-8 часов и пить только негазированную воду."
"Проводите ли вы вакцинацию?", "Да, в нашей клинике проводится вакцинация. Вы можете записаться на прием для получения необходимых вакцин."
"Как долго действует рецепт на лекарство?", "Рецепт на лекарство действителен в течение 2 недель с момента его выдачи."
"Какие анализы необходимо сдать перед операцией?", "Перед операцией обычно требуется сдать общий анализ крови, биохимический анализ и коагулограмму. Ваш лечащий врач может назначить дополнительные обследования в зависимости от типа операции."
"Можно ли оплатить услуги картой?", "Да, мы принимаем к оплате банковские карты, а также наличные."
"Есть ли в клинике аптека?", "Да, на территории нашей клиники есть аптека, где вы можете приобрести необходимые медикаменты."
"Как записаться на прием?", "Вы можете записаться на прием, позвонив по телефону нашей клиники или через наш веб-сайт, используя форму записи."
"Как отменить прием?", "Чтобы отменить прием, пожалуйста, свяжитесь с нашей регистрацией не менее чем за 24 часа до назначенного времени."
"Какие документы нужны для записи?", "Для записи на прием вам понадобятся паспорт и страховой полис."
"Какой график работы клиники?", "Клиника работает с понедельника по пятницу с 8:00 до 20:00 и по субботам с 9:00 до 15:00. Воскресенье — выходной."
"Можно ли получить консультацию по телефону?", "Да, вы можете получить первичную консультацию по телефону, но для более детального осмотра и постановки диагноза рекомендуется посетить врача лично."
"Как получить результаты анализов?", "Результаты анализов могут быть выданы в клинике лично или отправлены на ваш электронный адрес. Пожалуйста, уточните при сдаче, какой способ получения вам удобнее."
"Есть ли у вас детский врач?", "Да, у нас есть педиатры, которые квалифицированы для работы с детьми всех возрастов."
"Сколько стоит прием у терапевта?", "Стоимость приема у терапевта составляет 1500 рублей. Цены могут варьироваться в зависимости от конкретных услуг и обследований."
"Как подготовиться к УЗИ брюшной полости?", "Перед УЗИ брюшной полости рекомендуется воздержаться от приема пищи в течение 6-8 часов и пить только негазированную воду."
"Проводите ли вы вакцинацию?", "Да, в нашей клинике проводится вакцинация. Вы можете записаться на прием для получения необходимых вакцин."
"Как долго действует рецепт на лекарство?", "Рецепт на лекарство действителен в течение 2 недель с момента его выдачи."
"Какие анализы необходимо сдать перед операцией?", "Перед операцией обычно требуется сдать общий анализ крови, биохимический анализ и коагулограмму. Ваш лечащий врач может назначить дополнительные обследования в зависимости от типа операции."
"Можно ли оплатить услуги картой?", "Да, мы принимаем к оплате банковские карты, а также наличные."
"Есть ли в клинике аптека?", "Да, на территории нашей клиники есть аптека, где вы можете приобрести необходимые медикаменты."
"Как часто нужно проходить медицинский осмотр?", "Общая рекомендация — проходить медицинский осмотр раз в год, но это может варьироваться в зависимости от вашего возраста, состояния здоровья и рекомендаций врача."
"Что делать, если я чувствую недомогание после прививки?", "Легкие симптомы, такие как боль в месте укола или легкий жар, являются нормой. Однако если у вас появились более серьезные симптомы, такие как сильная аллергическая реакция, обратитесь за медицинской помощью."
"Как узнать результаты теста на COVID-19?", "Результаты теста на COVID-19 будут отправлены на ваш электронный адрес в течение 24-48 часов."
"Можно ли сдать анализы без направления врача?", "Да, вы можете сдать некоторые анализы без направления врача. Пожалуйста, уточните список доступных анализов на нашей стойке регистрации."
"Как подготовиться к сдаче крови натощак?", "Перед сдачей крови натощак воздержитесь от еды в течение 8-12 часов и пейте только чистую воду."
"Делаете ли вы физическую терапию?", "Да, наша клиника предлагает услуги физической терапии. Вы можете записаться на консультацию с одним из наших специалистов."
"Какие услуги входят в комплексное медицинское обследование?", "Комплексное медицинское обследование включает анализ крови, УЗИ органов и консультации с различными специалистами. Пожалуйста, уточняйте подробности и стоимость у нашей регистратуры."
"Как подготовиться к приему у стоматолога?", "Перед визитом к стоматологу рекомендуется выполнить гигиену полости рта как обычно, избегая употребления пищи и напитков сразу перед посещением."
"Какие виды диагностики вы проводите?", "Мы предлагаем широкий спектр диагностических услуг, включая рентген, УЗИ, МРТ, КТ и лабораторные анализы."
"Какие меры предосторожности приняты в клинике в связи с COVID-19?", "Мы соблюдаем все предписанные меры безопасности, включая обязательное ношение масок, регулярную дезинфекцию и социальное дистанцирование."
"Где можно оставить отзывы о работе клиники?", "Вы можете оставить отзыв на нашем веб-сайте или в социальных сетях. Мы ценим ваше мнение и постоянно работаем над улучшением качества наших услуг."
"Как записаться на прививку против гриппа?", "Вы можете записаться на прививку против гриппа через наш сайт или позвонив в регистратуру."
"Проводите ли вы обследования для спортсменов?", "Да, мы предлагаем комплексные медицинские обследования для спортсменов, включающие функциональное тестирование и советы по улучшению индивидуальной производительности."
"Как узнать, принимает ли мой полис ДМС ваша клиника?", "Вы можете уточнить информацию о приеме вашего полиса ДМС, связавшись с нашей регистрацией или посмотрев список доступных страховщиков на нашем сайте."
"Какой врач лечит артрит?", "Артрит лечат ревматологи. В нашей клинике есть специалисты, готовые оказать помощь в лечении данного заболевания."
"Какие анализы нужны для диагностики сахарного диабета?", "Для диагностики сахарного диабета обычно назначаются анализы на уровень глюкозы в крови и тест на гликированный гемоглобин."
"Что делать, если я потерял медицинскую карту?", "Если вы потеряли медицинскую карту, сообщите об этом в регистратуру. Вам нужно будет заполнить заявление на восстановление карты."
"Какие симптомы указывают на необходимость срочного посещения врача?", "Обратитесь за медицинской помощью, если у вас сильная боль, затрудненное дыхание, потеря сознания, внезапная слабость, или сильное кровотечение."
"Как подготовиться к МРТ?", "Перед МРТ необходимо снять все металлические предметы. В некоторых случаях требуется воздержаться от пищи за 4-6 часов до процедуры. Пожалуйста, следуйте инструкциям медицинского персонала."
"Как часто нужно делать прививку от столбняка?", "Прививка от столбняка обычно делается раз в 10 лет. В экстренных случаях вакцинация может быть назначена вне этого графика."
"Можно ли прийти на прием без записи?", "Прием без записи возможен в экстренных случаях, однако мы рекомендуем записываться заранее, чтобы избежать ожидания."
"Сколько времени занимает сдача анализов?", "Сдача стандартных анализов крови занимает примерно 10-15 минут, однако время получения результатов может варьироваться в зависимости от вида анализов."
"Какие меры безопасности принимаются при выполнении рентгена?", "Мы используем минимально возможную дозу излучения, а также предоставляем защитные средства, чтобы минимизировать воздействие на организм."
"Как подготовиться к колоноскопии?", "Перед колоноскопией необходимо соблюдать строгую диету и принимать прописанные врачом препараты для очищения кишечника. Подробные инструкции дадут в клинике."
"Как узнать, нужно ли мне обновить прививки?", "Рекомендуется проконсультироваться с терапевтом, который сможет проверить вашу историю вакцинации и рекомендовать необходимые прививки."
"Может ли клиника предоставить справку для учебы или работы?", "Да, мы можем предоставить медицинские справки для учебных заведений или работы. Пожалуйста, уточните требования в вашей организации."
"Проводите ли вы онкоскрининг?", "Да, мы предоставляем услуги онкоскрининга для раннего выявления различных форм рака. Запись на скрининг доступна через регистратуру."
"Как лечить аллергию?", "Лечение аллергии зависит от ее типа и может включать антигистаминные препараты, изменение рациона и избегание контакта с аллергенами."
"Можно ли получить копию медицинской карты?", "Вы можете запросить копию медицинской карты через регистратуру, заполнив соответствующий запрос."
"Как выбрать нужного специалиста?", "Мы рекомендуем начинать с визита к терапевту, который сможет направить вас к нужному специалисту в зависимости от ваших симптомов."
"Предоставляете ли вы услуги психолога?", "Да, у нас есть квалифицированные психологи, которые проводят индивидуальные и групповые консультации."
"Как подготовиться к сердечному стресс-тесту?", "Перед стресс-тестом избегайте тяжелой пищи, кофеина и курения за несколько часов до процедуры. Носите удобную одежду и обувь."
"Могу ли я использовать страховой полис при обращении к стоматологу?", "Это зависит от вашего страхового полиса и включенных в него услуг. Пожалуйста, уточняйте информацию у нас в клинике или у вашего страховщика."
"Как лечат варикозное расширение вен?", "Лечение варикоза может включать компрессионную терапию, склеротерапию, лазерное лечение и хирургические методы. Консультация флеболога поможет определить оптимальный метод лечения."
"Какие услуги включает в себя амбулаторное лечение?", "Амбулаторное лечение включает консультации врачей, проведение диагностических процедур и лечение, не требующее госпитализации."
"Как записаться на консультацию диетолога?", "Вы можете записаться на прием к диетологу через наш сайт или позвонив в регистратуру."
"Могу ли я сдать тест на аллергию в вашей клинике?", "Да, мы проводим тесты на аллергию для выявления различных аллергических реакций."
"Как проходит прием у ревматолога?", "На приеме ревматолог осмотрит суставы, изучит медицинскую историю и, возможно, назначит дополнительные анализы для постановки диагноза."
"Предоставляете ли вы услуги физиотерапии?", "Да, у нас есть отделение физиотерапии, где проводятся различные процедуры для улучшения физического состояния."
"Можно ли у вас измерить артериальное давление?", "Да, измерение артериального давления доступно в нашей клинике, как самостоятельная процедура и как часть приема у врача."
"Какой тип обследования необходим при подозрении на гастрит?", "Обычно назначают эндоскопическое обследование желудка, анализы крови и дыхательный тест на наличие бактерии Helicobacter pylori."
"Как лечить ангину?", "Лечение ангины может включать прием антибиотиков, антисептических средств для горла и местных обезболивающих. Консультация с врачом поможет выбрать подходящий метод."
"Можно ли в клинике пройти проверку зрения?", "Да, мы предоставляем услуги офтальмолога, где вы можете пройти проверку остроты зрения и получить рекомендации."
"Какие анализы нужно сдать для диагностики анемии?", "Для диагностики анемии обычно проводят общий анализ крови с определением уровня гемоглобина и железа."
"Каковы симптомы сахарного диабета?", "Симптомы могут включать чрезмерную жажду, частое мочеиспускание, усталость, неясное зрение и медленно заживающие раны."
"Как подготовиться к консультации с кардиологом?", "Перед консультацией с кардиологом соберите данные о вашей медицинской истории, включая информацию о лекарствах, которые вы принимаете, и предыдущих обследованиях."
"Как снизить уровень холестерина?", "Снижение уровня холестерина включает в себя соблюдение диеты с низким содержанием насыщенных жиров и регулярные физические упражнения. Также могут быть назначены лекарства по рекомендации врача."
"Какие признаки указывают на необходимость визита к неврологу?", "Если у вас часто появляются головные боли, головокружения, проблемы с памятью или необъяснимая слабость, рекомендуется проконсультироваться с неврологом."
"Можно ли пройти вакцинацию от коронавируса?", "Да, наша клиника предоставляет возможность вакцинации от COVID-19. Вы можете записаться на прием."
"Как проходит осмотр у лора?", "Врач-отоларинголог может провести осмотр уха, горла и носа, а также назначить дополнительные тесты для диагностики заболеваний."
"Какой врач лечит заболевания кожи?", "Заболевания кожи лечит дерматолог. В нашей клинике работают квалифицированные специалисты, готовые помочь вам."
"Какие витамины нужно принимать детям?", "Рекомендации по витаминам для детей варьируются в зависимости от возраста и состояния здоровья ребенка. Всегда консультируйтесь с педиатром."
"Как проводится ультразвуковое исследование сердца?", "УЗИ сердца — это безопасная и безболезненная процедура, при которой с помощью ультразвуковых волн создается изображение сердца. Процедура может потребовать небольшой подготовки."
"Можно ли в клинике пройти лечение остеохондроза?", "Да, у нас предоставляются услуги лечения остеохондроза, включая терапию и физиопроцедуры, после консультации с врачом."
"Какие методы лечения предлагаются при гипертонии?", "Лечение гипертонии может включать изменения в образе жизни, такие как питание и физическая активность, а также медикаментозное лечение."
"Каковы правила сдачи общего анализа мочи?", "Для сдачи анализа собирается утренняя порция мочи в чистую емкость. Пожалуйста, избегайте физических нагрузок перед сдачей анализа."
"Предоставляете ли вы консультации по детскому развитию?", "Да, у нас есть детские специалисты, которые могут провести оценку развития вашего ребенка и дать рекомендации по его воспитанию."
"Как записать ребенка на прием к педиатру?", "Вы можете записать ребенка на прием к педиатру через наш веб-сайт или связавшись с регистратурой по телефону."
"Как долго длится реабилитация после перелома?", "Реабилитация после перелома может занимать от нескольких недель до нескольких месяцев в зависимости от тяжести перелома и общего состояния пациента."
"Можно ли у вас пройти обследование перед поездкой?", "Да, мы предоставляем медицинские осмотры и консультируем перед путешествиями, в том числе по вопросам вакцинации и профилактики заболеваний."
"Какие анализы нужны для выявления инфекций?", "Для выявления инфекций могут быть назначены различные анализы, такие как общий анализ крови, посевы и серологические тесты."
"Как получить направление на анализы?", "Направление на анализы можно получить после консультации с врачом, который определит необходимость тех или иных исследований."
"Какое лечение нужно при болезни печени?", "Лечение заболеваний печени зависит от конкретного диагноза и может включать диету, медикаменты и в некоторых случаях хирургическое вмешательство."
"Можно ли получить консультацию эндокринолога?", "Да, у нас предоставляются консультации эндокринологов, которые помогут в решении вопросов, связанных с обменом веществ и гормонами."
"Каково время ожидания результатов биопсии?", "Время ожидания результатов биопсии может варьироваться от нескольких дней до недели, в зависимости от сложности анализа."
"Какие симптомы указывают на необходимость обращения к гастроэнтерологу?", "Боли в животе, проблемы со стулом, потеря аппетита или необъяснимое снижение веса могут быть поводом обратиться к гастроэнтерологу."
"Что делать при аллергической реакции?", "При аллергической реакции рекомендуется устранить воздействие аллергена и, если симптомы серьезные, обратиться за медицинской помощью. Антигистаминные препараты могут облегчить состояние."
"Можно ли пройти обследование на дому?", "В некоторых случаях мы предлагаем услуги обследования на дому. Пожалуйста, уточните доступность таких услуг у администраторов клиники."
"Как взять ребенка на прививку без слез?", "Подготовьте ребенка к прививке, объясняя важность процедуры и создавая позитивное настроение. В клинике наши специалисты сделают все возможное, чтобы минимизировать стресс для ребенка."
"Как проводится лечение депрессии?", "Лечение депрессии может включать психотерапию, медикаментозное лечение и изменение образа жизни. Консультация специалиста поможет определиться с подходящим методом лечения."
"Как проходит осмотр у ортопеда?", "Ортопед может провести физический осмотр, изучение вашей медицинской истории и, при необходимости, назначить рентген или другие исследования."
"Можно ли в клинике пройти тест на беременность?", "Да, мы предлагаем услуги тестирования на беременность при помощи анализа крови или мочи."
"Каковы симптомы артрита?", "Симптомы артрита включают боль, опухоль и скованность в суставах, которые могут сопровождаться воспалением."
"Какие методы диагностики гепатита используются?", "Для диагностики гепатита используются анализы крови, ультразвуковые исследования и биопсия печени."
